{
    "timestamps": [
        0,
        0.03,
        0.07,
        0.11,
        0.2,
        0.24,
        0.26,
        0.34,
        0.39,
        0.42,
        0.49,
        0.5509375
    ],
    "tokens": [
        "[PAD]",
        "[PAD]",
        "@",
        "[PAD]",
        "[PAD]",
        "[PAD]",
        "[PAD]",
        "s",
        "s",
        "[PAD]",
        "[PAD]",
        "[PAD]",
        "t",
        "[PAD]",
        "r",
        "[PAD]",
        "aI",
        "[PAD]",
        "[PAD]",
        "[PAD]",
        "[PAD]",
        "[PAD]",
        "n",
        "[PAD]",
        "[PAD]",
        "[PAD]",
        "[PAD]"
    ],
    "collapsed tokens": [
        "@",
        "s",
        "t",
        "r",
        "aI",
        "n"
    ],
    "timetokens": [
        [
            "@",
            0.051012731481481485
        ],
        [
            "s",
            0.15303819444444447
        ],
        [
            "s",
            0.17344328703703707
        ],
        [
            "t",
            0.25506365740740744
        ],
        [
            "r",
            0.29587384259259264
        ],
        [
            "aI",
            0.33668402777777784
        ],
        [
            "n",
            0.45911458333333344
        ]
    ],
    "decision_boundary": [
        [
            "@",
            0,
            0.10202546296296297
        ],
        [
            "s",
            0.10202546296296297,
            0.16324074074074077
        ],
        [
            "s",
            0.16324074074074077,
            0.21425347222222224
        ],
        [
            "t",
            0.21425347222222224,
            0.27546875000000004
        ],
        [
            "r",
            0.27546875000000004,
            0.31627893518518524
        ],
        [
            "aI",
            0.31627893518518524,
            0.39789930555555564
        ],
        [
            "n",
            0.39789930555555564,
            0.5509375
        ]
    ],
    "labels": [
        "@",
        "@",
        "@",
        "s",
        "t",
        "t",
        "r",
        "aI",
        "n",
        "n",
        "n"
    ],
    "phoneme segmentations": [
        [
            0,
            0.11,
            "@"
        ],
        [
            0.11,
            0.2,
            "s"
        ],
        [
            0.2,
            0.26,
            "t"
        ],
        [
            0.26,
            0.34,
            "r"
        ],
        [
            0.34,
            0.39,
            "aI"
        ],
        [
            0.39,
            0.5509375,
            "n"
        ]
    ]
}